{"count":1,"self":69422.514176,"total":78394.145762699991,"children":{"InitializeActuators":{"count":25472,"self":0.1954685,"total":0.1954685,"children":null},"InitializeSensors":{"count":25472,"self":0.23368819999999998,"total":0.23368819999999998,"children":null},"AgentSendState":{"count":1929282,"self":15.3811776,"total":108.03819659999999,"children":{"CollectObservations":{"count":3086872,"self":13.722716799999999,"total":13.722716,"children":null},"WriteActionMask":{"count":3086872,"self":1.9063394,"total":1.9063394,"children":null},"RequestDecision":{"count":3086872,"self":8.1799128,"total":77.0279635,"children":{"AgentInfo.ToProto":{"count":3083520,"self":6.7635904,"total":68.8480507,"children":{"GenerateSensorData":{"count":3083520,"self":62.084460799999995,"total":62.0844605,"children":null}}}}}}},"DecideAction":{"count":1929282,"self":6710.7954688,"total":6710.7953213,"children":null},"AgentAct":{"count":1929282,"self":2151.8374912,"total":2151.8375243,"children":null},"AgentInfo.ToProto":{"count":12033,"self":0.091606399999999991,"total":0.5305015,"children":{"GenerateSensorData":{"count":12033,"self":0.4388951,"total":0.4388951,"children":null}}}},"gauges":{"My Behavior.CumulativeReward":{"count":8890,"max":1737.82129,"min":-187.325745,"runningAverage":28.9989567,"value":596.8252,"weightedAverage":585.2656}},"metadata":{"timer_format_version":"0.1.0","start_time_seconds":"1686556508","unity_version":"2022.2.17f1","command_line_arguments":"C:\\Program Files\\Unity\\Hub\\Editor\\2022.2.17f1\\Editor\\Unity.exe -projectpath C:\\Users\\Leo\\Desktop\\UnityProject\\Arkanoid_MLAgents -useHub -hubIPC -cloudEnvironment production","communication_protocol_version":"1.5.0","com.unity.ml-agents_version":"2.3.0-exp.3","scene_name":"Levels","end_time_seconds":"1686634902"}}